<?xml version="1.0" encoding="UTF-8"?>
<project-private xmlns="http://www.netbeans.org/ns/project-private/1">
    <editor-bookmarks xmlns="http://www.netbeans.org/ns/editor-bookmarks/2" lastBookmarkId="0"/>
    <open-files xmlns="http://www.netbeans.org/ns/projectui-open-files/2">
        <group>
            <file>file:/C:/Users/M%20SHAHBAZ%20COMPUTER/Documents/NetBeansProjects/Hotel%20Management%20System/src/hotel/management/system/Login.java</file>
            <file>file:/C:/Users/M%20SHAHBAZ%20COMPUTER/Documents/NetBeansProjects/Hotel%20Management%20System/src/hotel/management/system/Dashboard.java</file>
            <file>file:/C:/Users/M%20SHAHBAZ%20COMPUTER/Documents/NetBeansProjects/Hotel%20Management%20System/src/hotel/management/system/conn.java</file>
            <file>file:/C:/Users/M%20SHAHBAZ%20COMPUTER/Documents/NetBeansProjects/Hotel%20Management%20System/src/hotel/management/system/Reception.java</file>
            <file>file:/C:/Users/M%20SHAHBAZ%20COMPUTER/Documents/NetBeansProjects/Hotel%20Management%20System/src/hotel/management/system/Department.java</file>
            <file>file:/C:/Users/M%20SHAHBAZ%20COMPUTER/Documents/NetBeansProjects/Hotel%20Management%20System/src/hotel/management/system/AddEmployee.java</file>
            <file>file:/C:/Users/M%20SHAHBAZ%20COMPUTER/Documents/NetBeansProjects/Hotel%20Management%20System/src/hotel/management/system/HotelManagementSystem.java</file>
            <file>file:/C:/Users/M%20SHAHBAZ%20COMPUTER/Documents/NetBeansProjects/Hotel%20Management%20System/src/hotel/management/system/Room.java</file>
            <file>file:/C:/Users/M%20SHAHBAZ%20COMPUTER/Documents/NetBeansProjects/Hotel%20Management%20System/src/hotel/management/system/NewCustomer.java</file>
            <file>file:/C:/Users/M%20SHAHBAZ%20COMPUTER/Documents/NetBeansProjects/Hotel%20Management%20System/src/hotel/management/system/Employee.java</file>
            <file>file:/C:/Users/M%20SHAHBAZ%20COMPUTER/Documents/NetBeansProjects/Hotel%20Management%20System/src/hotel/management/system/ManagerInfo.java</file>
        </group>
    </open-files>
</project-private>
